component_key,source_record_id,as_of_date,owner,component_name,category,balance_kind,currency,native_value,gbp_value,inclusion_scope,valuation_status,source_ref,source_date,notes
cash:lloyds:romeo:current,ACC-LLOYDS-CURRENT,2026-09-30,Romeo,Lloyds current,operating_cash,asset,GBP,5310.40,5310.40,financial,verified,reviews/2026-10/position-handoff.md,2026-09-30,Available operating cash
cash:halifax:kelly:current,ACC-HALIFAX-CURRENT-KELLY,2026-09-30,Kelly,Halifax current,operating_cash,asset,GBP,2617.25,2617.25,financial,verified,reviews/2026-10/position-handoff.md,2026-09-30,Available operating cash
debt:starling:romeo:overdraft,ACC-STARLING-CURRENT,2026-10-02,Romeo,Starling overdraft,overdraft,liability,GBP,-549.87,-549.87,financial,verified,reviews/2026-10/position-handoff.md,2026-10-02,User-confirmed unchanged; 35 percent EAR variable
cash:santander:household:joint-current,ACC-SANTANDER-JOINT,2026-10-02,Household,Santander joint current,operating_cash,asset,GBP,427.08,427.08,financial,pending,reviews/2026-10/position-handoff.md,2026-10-02,User-confirmed balance; intervening post-statement activity not itemised
cash:chip:romeo:cash-isa,ACC-CHIP-CASH-ISA,2026-09-30,Romeo,Chip Smart Cash ISA,emergency_fund,asset,GBP,20052.01,20052.01,financial,verified,reviews/2026-10/position-handoff.md,2026-09-30,Restricted emergency fund
debt:amex:romeo:credit-card,ACC-AMEX-ROMEO,2026-09-15,Romeo,Amex credit,credit_card,liability,GBP,-3589.01,-3589.01,financial,verified,reviews/2026-10/position-handoff.md,2026-09-15,Total account balance including remaining Plan It balance
debt:amex:romeo:platinum,ACC-AMEX-PLATINUM-ROMEO,2026-09-28,Romeo,Amex Platinum,credit_card,liability,GBP,-11.25,-11.25,financial,verified,reviews/2026-10/position-handoff.md,2026-09-28,Statement balance
debt:amex:kelly:credit-card,ACC-AMEX-KELLY,2026-09-24,Kelly,Amex credit,credit_card,liability,GBP,-2455.90,-2455.90,financial,verified,reviews/2026-10/position-handoff.md,2026-09-24,Statement balance
debt:halifax:romeo:clarity,ACC-HALIFAX-CLARITY-ROMEO,2026-09-01,Romeo,Halifax Clarity credit,credit_card,liability,GBP,-355.17,-355.17,financial,pending,reviews/2026-10/position-handoff.md,2026-09-01,Statement balance plus unstatemented activity not included
debt:mands:romeo:balance-transfer,ACC-MANDS-BT-ROMEO,2026-09-15,Romeo,M&S balance transfer,balance_transfer,liability,GBP,-3713.75,-3713.75,financial,verified,reviews/2026-10/position-handoff.md,2026-09-15,Zero percent balance transfer
debt:mbna:romeo:balance-transfer,ACC-MBNA-BT-ROMEO,2026-09-27,Romeo,MBNA balance transfer,balance_transfer,liability,GBP,-9927.73,-9927.73,financial,verified,reviews/2026-10/position-handoff.md,2026-09-27,Two zero percent promotional tranches
